Cidade,Endereço / eixo,Área (m²),Preço pedido (R$),R$/m²,Tipo / anúncio,Formato sugerido,Prioridade,Nota preliminar (0-10),Por que interessa,Riscos / validar,Próxima ação,Fonte / anúncio,Data pesquisa
Sete Lagoas/MG,Av. Dr. Renato Azeredo – Chácara do Paiva/Centro,6265,10000000,1596.1691939345571,Terreno comercial,Street mall / retail park,Alta,9,Área e escala excelentes em eixo urbano; anúncio comercial e metragem suficiente para âncora + satélites + vagas.,"Confirmar testada, zoneamento, acessos, topografia e preço negociável.","Pedir matrícula, planta e localização exata; fazer estudo de massa preliminar.",https://www.zapimoveis.com.br/venda/imoveis/mg%2Bsete-lagoas/avenida-doutor-renato-azeredo/,29/08/2026
Sete Lagoas/MG,Av. Dr. Renato Azeredo – Chácara do Paiva,3000,2100000,700,Terreno anunciado como residencial,Street mall compacto,Alta,8.5,Preço/área atraentes e avenida relevante; escala boa para 8–15 operações.,Uso comercial não confirmado; checar zoneamento e testada.,Consultar diretrizes urbanísticas e proprietário antes de qualquer proposta.,https://www.zapimoveis.com.br/venda/terrenos-lotes-condominios/mg%2Bsete-lagoas/avenida-doutor-renato-azeredo/,29/08/2026
Betim/MG,Av. Juiz Marco Túlio Isaac – Parque das Indústrias/Chácara,4938,6195000,1254.5565006075335,Terreno comercial,Street mall / retail park,Alta,9,"Quase 5.000 m² em corredor importante; boa escala para âncora, drive-thru e satélites.","Confirmar posição exata, acessos e restrições viárias/industriais.",Obter ficha completa e testar layout com farmácia + academia + alimentação.,https://www.zapimoveis.com.br/venda/terrenos-lotes-comerciais/mg%2Bbetim/avenida-juiz-marco-tulio-isaac/,29/08/2026
Betim/MG,"Av. Coletora Arthur Trindade, 1250 – Jardim das Alterosas 2ª Seção",1800,1700000,944.4444444444445,Lote comercial,Street mall compacto,Alta,9,Anúncio destaca avenida comercial e vocação para supermercado/farmácia; ótima relação preço/uso.,Área menor limita estacionamento e âncoras grandes; medir frente e acessos.,Visita técnica e estudo de massa para farmácia + conveniência + alimentação.,https://www.imovelweb.com.br/propriedades/terreno-para-venda-em-jardim-das-alterosas-2-secao-3044019341.html,29/08/2026
Betim/MG,"Av. Fausto Ribeiro da Silva, 2000 – Bandeirinhas",1615,890000,551.0835913312693,Terreno / áreas individualizáveis,Street mall compacto,Alta,8.5,"Principal avenida do bairro, conexão Betim–Sarzedo e preço competitivo; pode haver área vizinha de 1.526 m².",Confirmar possibilidade real de adquirir as duas áreas juntas e uso comercial.,Pedir matrícula das duas áreas e avaliar aquisição conjunta (~3.141 m²).,https://www.imovelweb.com.br/propriedades/terreno-para-venda-em-bandeirinhas-de-1615.00m-3044019007.html,29/08/2026
Contagem/MG,Av. João César de Oliveira – próximo ao Metrô Eldorado,20092,2500000,124.42763288871193,Terreno comercial,Retail park / grande street mall,Alta,9,"Eixo comercial dominante, metrô e área excepcionalmente grande; potencial de projeto relevante.","Preço anunciado parece muito baixo para localização/área: validar condições, frações, ônus e anúncio.",Contato imediato com anunciante; confirmar se área e preço se referem ao mesmo imóvel.,https://www.zapimoveis.com.br/venda/terrenos-lotes-comerciais/mg%2Bcontagem/avenida-joao-cesar-de-oliveira/,29/08/2026
Contagem/MG,Chácara Cotia – a ~600 m do Shopping Contagem,2000,1950000,975,Terreno,Street mall compacto,Alta,8.5,"25 m x 80 m, proximidade do Shopping Contagem e CEFET; bom catchment e preço razoável.",Frente de 25 m pode limitar implantação; uso comercial deve ser confirmado.,Solicitar consulta urbanística e simular layout linear com estacionamento.,https://www.imovelweb.com.br/propriedades/venda-lote-area-terreno-chacara-cotia-contagem-3017260361.html,29/08/2026
Contagem/MG,Estrada Chico Mendes – Solar do Madeira,3000,800000,266.6666666666667,Terreno comercial,Street mall bairro / conveniência,Média,7.5,Preço baixo para 3.000 m² e anúncio comercial; pode funcionar como mall de bairro.,Fluxo e renda do microentorno precisam ser medidos; acesso pode não ser premium.,Visita de campo e levantamento de concorrentes em raio 3 km.,https://www.zapimoveis.com.br/venda/imoveis/mg%2Bcontagem/estrada-chico-mendes/,29/08/2026
Divinópolis/MG,Av. Amazonas – região do Centro/Catalão,1500,,,Terreno comercial (anúncio direto),Street mall urbano / uso misto,Média,7.5,Avenida conhecida e área compatível com projeto compacto; anúncio cita supermercado e comércio.,"Fonte menos robusta, preço não publicado e dados precisam ser reconfirmados.","Localizar anunciante/proprietário e validar matrícula, preço, frente e uso.",https://www.aiyellow.com/lotedivinopolis/,29/08/2026
Divinópolis/MG,Centro – lote comercial,1167,4900000,4198.800342759212,Terreno comercial,Mall urbano compacto / vertical misto,Média,7,Centro consolidado e fluxo intenso; vocação comercial explícita.,Preço por m² elevado e área limitada para estacionamento típico de street mall.,"Usar como benchmark; avaliar operação premium/vertical, não mall tradicional.",https://www.imovelweb.com.br/terrenos-venda-centro-divinopolis-ordem-precio-menor.html,29/08/2026
Divinópolis/MG,Santa Rosa,1500,700000,466.6666666666667,Terreno,Street mall de bairro,Média,7.5,Boa área e preço competitivo para teste de mall de conveniência em expansão residencial.,Uso comercial e localização exata não confirmados.,Pedir endereço exato e consulta de uso; mapear renda e concorrência.,https://www.vivareal.com.br/venda/minas-gerais/divinopolis/bairros/santa-rosa/lote-terreno_residencial/,29/08/2026
Ribeirão Preto/SP,Av. Alfredo Ravaneli – Jardim das Palmeiras II,2750,1925000,700,Área comercial,Street mall de bairro,Alta,9,"67,5 m de frente para avenida e preço muito competitivo para Ribeirão; excelente formato físico.",Entorno precisa ser validado para renda/fluxo e zoneamento específico.,"Priorizar visita, contagem visual de fluxo e estudo de massa.",https://www.enderleimoveis.com.br/,29/08/2026
Ribeirão Preto/SP,Av. Carlos Eduardo de Gaspari Consoni / entrada Jardim Botânico,2584,12000000,4643.962848297214,Terreno comercial,Open mall premium,Alta,8.5,"Entrada do Jardim Botânico, próximo ao Parque Raya, alta renda e visibilidade; 7 lotes vizinhos.",Preço muito elevado; retorno depende de aluguel premium e alta ABL.,Modelar yield antes de abordagem; estudar projeto premium com alimentação/serviços.,https://www.imovelweb.com.br/propriedades/lote-terreno-para-venda-em-jardim-botanico-de-3034142865.html,29/08/2026
Ribeirão Preto/SP,Av. Wladimir Meirelles Ferreira – Jardim Botânico,1762,10500000,5959.137343927356,Terreno comercial,Open mall premium compacto,Média,8,Eixo premium consolidado e grande visibilidade; aderência alta a serviços e gastronomia.,Preço/m² muito alto e área enxuta para vagas.,Usar como comparável; só avançar com tese de aluguel premium.,https://www.zapimoveis.com.br/venda/terrenos-lotes-comerciais/sp%2Bribeirao-preto/avenida-wladimir-meirelles-ferreira/,29/08/2026
Bonfim Paulista/SP,Santa Cecília / margem SP-255 Antônio Machado Sant'Anna,9046,4750000,525.0939641830644,Área de uso misto,Grande street mall / retail park,Alta,9.5,"105,56 m de testada, margem da SP-255, expansão habitacional e carência de comércio citada no anúncio.","Confirmar acessos rodoviários, retorno viário, drenagem e diretrizes de uso.","Tratar como candidato prioritário; obter mapa, matrícula e estudo de acesso.",https://www.imovelweb.com.br/propriedades/em-bonfim-paulista-ribeirao-preto-2997616343.html,29/08/2026
Bonfim Paulista/SP,Terras de Santa Martha,1295,1680000,1297.2972972972973,Terreno de uso comercial,Open mall / conveniência premium,Alta,8.5,Inserido em loteamento com cinco vilas residenciais; demanda cativa e uso comercial declarado.,Área pequena; conferir regras do loteamento e capacidade de estacionamento.,Pedir regulamento/diretrizes e avaliar 5–8 operações premium.,https://www.imovelweb.com.br/propriedades/terreno-comercial-no-terras-de-santa-martha-3015921598.html,29/08/2026
Sertãozinho/SP,Jardim Santa Rosa II – próximo à Av. Antônio V.,15453,6190000,400.56946871157703,Área comercial,Retail park / grande street mall,Alta,8.5,Anúncio indica aptidão para supermercados e grande edificação; escala excelente.,Localização exata e fluxo precisam ser validados; projeto pode ficar grande para a praça.,Solicitar material completo e testar pré-interesse com supermercado/atacarejo.,https://www.attria.com.br/venda/sp/sertaozinho/tipo/imovel-comercial,29/08/2026
Sertãozinho/SP,Centro,1303,2200000,1688.4113584036838,Área comercial,Mall urbano compacto,Média,7.5,"Localização central, fácil acesso e visibilidade; bom para serviços, clínica e alimentação.",Pouca área para estacionamento; preço relativamente alto.,Avaliar conceito urbano sem grande âncora e medir fluxo de pedestres/veículos.,https://gurudosimoveis.com.br/imovel/lote-terreno-venda-centro-sertaozinho-sp-712191,29/08/2026
Sertãozinho/SP,Loteamento Empresarial e Industrial Alcídio Balbo – esquina,1276.98,612950,479.9996867609516,Terreno de esquina,Conveniência / serviços / alimentação,Média,8,Esquina e preço competitivo; pode atender corredor empresarial/industrial.,Catchment residencial talvez limitado; confirmar uso e fluxo fora do horário comercial.,Visita em dias/horários distintos e estudo de mix orientado a trabalhadores + moradores.,https://www.enderleimoveis.com.br/,29/08/2026
Franca/SP,"Av. Frei Germano, 2266 – Estação",1923,4500000,2340.0936037441497,Terreno comercial plano,Street mall urbano / premium,Alta,9,"Próximo à Av. Chico Júlio e cercado por Raia, McDonald's, academia, mercados e serviços; fluxo já validado.",Concorrência forte e preço relevante; confirmar testada e estacionamento possível.,Priorizar estudo de massa e mapear operadores ausentes no raio.,https://www.imovelweb.com.br/propriedades/terreno-plano-de-1.923m-a-venda-no-bairro-estacao-em-3034091470.html,29/08/2026
Franca/SP,Vila Chico Júlio,3000,,,Terreno comercial para locação (R$ 11 mil/mês),Ground lease / BTS / mall de conveniência,Alta,8.5,3.000 m² em corredor comercial; locação pode reduzir CAPEX inicial de terreno e permitir estrutura tipo ground lease/BTS.,Venda não indicada; contrato de longo prazo e direito de construir precisam ser negociados.,"Contatar proprietário para saber se aceita locação longa, BTS ou venda.",https://www.vivareal.com.br/aluguel/sp/franca/bairros/vila-chico-julio/com-cozinha/,29/08/2026
Betim/MG,Av. Juiz Marco Túlio Isaac – Parque das Indústrias / em frente ao SESI,75936.85,34171000,449.99232915244704,Gleba comercial / uso misto,Retail park / desenvolvimento em fases,Alta,9.2,"Escala excepcional e aproximadamente 700 m de frente (600 m para a avenida + 100 m para rua lateral); alta visibilidade, zoneamento metropolitano e espaço para estacionamento, âncoras e fases de expansão.","Ticket absoluto muito alto; checar possibilidade de fracionamento, acessos/retornos, topografia, infraestrutura e se a vocação residencial concorre com a tese de varejo.",Abordar anunciante para sondar fracionamento ou parceria; pedir matrícula/planta e estudar uma primeira fase de 15–30 mil m².,https://www.imovelweb.com.br/propriedades/venda-lote-area-terreno-parque-das-industrias-betim-3017268283.html,2026-09-08 00:00:00
Franca/SP,"Av. Adhemar Pereira de Barros, 700 – Jardim Riviera / Jardim Palma",20000,12000000,600,Terreno comercial,Retail park / grande street mall,Alta,9.3,"Área de 20 mil m² com 111 m de frente em avenida movimentada; boa escala para supermercado/âncora, lojas satélites, alimentação e estacionamento amplo.","Anúncio aparece replicado em vários portais e a descrição alterna Jardim Riviera/Jardim Palma; confirmar matrícula, endereço exato, zoneamento, acessos e condição real de venda.",Priorizar contato; pedir matrícula e levantamento planialtimétrico e testar layout com âncora alimentar + drive-thru + satélites.,https://sp.mgfimoveis.com.br/terreno-residencial-para-venda-em-jardim-riviera-20000m-venda-sp-franca-310395714,2026-09-08 00:00:00
