Cidade,UF,Empresa / Marca,Segmento,Prioridade,Aderência Street Mall,Responsável / Referência,Cargo / Área,LinkedIn / Canal,E-mail / Canal de imóveis,Metragem / perfil de ponto,Modelo provável,Status,Último contato,Próxima ação,Observações,Fonte
Sete Lagoas,MG,Drogaria Araujo,Farmácia,Alta,5/5,Alexandre Costa,Expansão / referência corporativa,https://br.linkedin.com/in/alexandre-costa-45599138,Ofereça seu imóvel – site Araujo,Loja de rua / mall; metragem a confirmar,Locação / BTS,Não contatado,,Confirmar contato direto do time de Expansão e preparar teaser do ponto,Contato validado no LinkedIn; Araujo mantém expansão em MG. Prioridade alta para Sete Lagoas.,https://pt.linkedin.com/posts/alexandre-costa-45599138_expansaodrogariaaraujo-ligaa-vempraca-activity-7349896952601350144-S2u5
Sete Lagoas,MG,RD Saúde – Raia/Drogasil,Farmácia,Alta,5/5,Paulo Zambardino Sanchez,Diretor de Expansão – RD Saúde,https://br.linkedin.com/in/paulozsanchez/pt,A confirmar,Ponto de alto fluxo; metragem a confirmar,Locação / BTS,Não contatado,,Abordar com tese de cobertura territorial e ponto pré-validado,"Contato validado. RD abre centenas de lojas/ano; decisão de ponto é orientada por cliente, capilaridade e dados.",https://br.linkedin.com/in/paulozsanchez/pt
Sete Lagoas,MG,Smart Fit,Academia,Alta,5/5,Bruno Toniolo,Expansão / prospecção de imóveis – Smart Fit,https://br.linkedin.com/in/bruno-toniolo-01732542,A confirmar,"Área ampla, estacionamento e fluxo; metragem a confirmar",Locação / BTS,Não contatado,,Solicitar critérios atuais de imóvel para MG e confirmar interesse em nova unidade,Contato validado; publica chamada a proprietários/corretores para indicação de imóveis.,https://br.linkedin.com/in/bruno-toniolo-01732542
Sete Lagoas,MG,Cobasi,Pet / varejo,Alta,5/5,Rogério Medeiros,Gerente de Expansão e Inteligência de Mercado – Cobasi,https://br.linkedin.com/in/rogerio-medeiros--,expansao@cobasi.com.br,≈700 m²; grandes avenidas / regiões de alto fluxo,Locação / BTS,Não contatado,,Quando houver terreno: enviar teaser + área disponível + acesso + estacionamento + mapa de concorrência,Contato e canal validados. A própria expansão divulga busca nacional por imóveis em torno de 700 m².,https://br.linkedin.com/in/rogerio-medeiros--
Sete Lagoas,MG,McDonald's / Arcos Dorados,Alimentação / drive-thru,Alta,5/5,Renata Janneo,Executiva de Expansão / Real Estate – Arcos Dorados,https://br.linkedin.com/in/retatha,Formulário de oferta de terrenos divulgado pelo Real Estate da Arcos Dorados,"Terreno estratégico, visibilidade, acessibilidade; drive-thru",BTS / ground lease / locação,Não contatado,,Submeter terreno pelo formulário oficial e conectar com Renata no LinkedIn,"Contato validado; equipe avalia localização, visibilidade, acessibilidade e potencial de desenvolvimento.",https://br.linkedin.com/in/retatha
Sete Lagoas,MG,Burger King / ZAMP,Alimentação / drive-thru,Média,4/5,Matheus Reich,Expansão e Crescimento de Redes – ZAMP / Burger King,https://br.linkedin.com/in/matheusreich,A confirmar,Ponto de alto fluxo; preferência por visibilidade e acesso,BTS / locação,Não contatado,,"Abordar após definir ponto; apresentar fluxo, acessos, drive-thru e potencial de franquia/operação","Contato validado; atua em expansão e inaugurações BK, inclusive em MG e interior de SP.",https://br.linkedin.com/in/matheusreich
Sete Lagoas,MG,Supermercados BH,Supermercado,Alta,5/5,A confirmar,Expansão / Real Estate,https://www.linkedin.com/company/supermercados-bh/,A confirmar,Área grande; estacionamento e logística,BTS / locação / aquisição,Não contatado,,Identificar executivo de expansão responsável por Sete Lagoas,Potencial âncora regional muito forte em MG.,https://www.supermercadosbh.com.br/
Sete Lagoas,MG,Assaí Atacadista,Atacarejo,Média,3/5,André P.,Executivo de Expansão / Real Estate – Assaí,https://br.linkedin.com/in/andreposzai,A confirmar,"Terrenos grandes, acesso viário e grande estacionamento",BTS / aquisição / locação,Não contatado,,Somente abordar com terreno de grande escala e estudo viário/logístico,"Contato validado como executivo de Expansão, Real Estate e Desenvolvimento de Negócios.",https://br.linkedin.com/in/andreposzai
Sete Lagoas,MG,Drogaria Pacheco / DPSP,Farmácia,Média,4/5,A confirmar,Expansão / Real Estate,https://www.linkedin.com/company/grupodpsp/,A confirmar,Loja de rua / mall; metragem a confirmar,Locação / BTS,Não contatado,,Localizar responsável regional MG,Alternativa importante para ampliar concorrência entre redes.,https://www.grupodpsp.com.br/
Sete Lagoas,MG,Localiza / serviços mobilidade,Serviços / mobilidade,Baixa,3/5,A confirmar,Expansão / imóveis,https://www.linkedin.com/company/localiza/,A confirmar,Depende do conceito e fluxo do ponto,Locação,Não contatado,,Avaliar apenas se houver sinergia com eixo de acesso,Pode complementar mix de serviços em projetos específicos.,https://www.localiza.com/brasil/pt-br
Sete Lagoas,MG,Starbucks / ZAMP,Cafeteria,Alta,5/5,Victor da Matta Lemos,Coordenador de Expansão – Starbucks / ZAMP,https://br.linkedin.com/in/vmattalemos,Via ZAMP / contato pelo LinkedIn,Loja compacta / mall premium; metragem a confirmar,Locação,Não contatado,,Conectar no LinkedIn e testar Sete Lagoas com ponto premium + dados de renda/fluxo,Contato validado: assumiu coordenação de expansão Starbucks na ZAMP em 2026.,https://br.linkedin.com/in/vmattalemos
Sete Lagoas,MG,Pão de Açúcar / Minuto Pão de Açúcar,Supermercado premium / conveniência,Alta,5/5,Rodrigo Gusukuma,GPA – referência em expansão,https://br.linkedin.com/in/rodrigo-gusukuma-17a45354,expansaogpa@gpabr.com,Formato variável: proximidade a supermercado premium,Locação / BTS,Não contatado,,Enviar teaser ao canal de expansão e pedir avaliação de praça,Rede do GPA não localizada em Sete Lagoas na busca preliminar; interessante para público A/B e formatos de proximidade.,https://br.linkedin.com/in/rodrigo-gusukuma-17a45354
Sete Lagoas,MG,Leroy Merlin,Casa / construção / home center,Média,3/5,Fabio Carlos Pereira da Silva,Gestão Imobiliária / Real Estate – Leroy Merlin,https://br.linkedin.com/in/fabiocpereirasilva/pt,fcpsilva@leroymerlin.com.br / gestaoimobiliaria@leroymerlin.com.br,Grande área; adequado a retail park / terreno amplo,Locação / BTS / aquisição,Não contatado,,Sondar formato adequado (inclusive Express) antes de oferecer terreno de grande escala,Contato público validado. Fábio participou da estratégia imobiliária do formato Leroy Merlin Express e atua em Gestão Imobiliária.,https://br.linkedin.com/in/fabiocpereirasilva/pt
Sete Lagoas,MG,Sam's Club,Clube de compras / atacarejo premium,Média,3/5,Diego Prates,Expansão – Carrefour Property Brasil,https://br.linkedin.com/in/diego-prates-br,Via Carrefour Property Brasil,Terreno / operação de grande porte; forte estacionamento,Aquisição / BTS / desenvolvimento imobiliário,Não contatado,,Levar somente oportunidades de grande escala e forte acesso viário,Não localizada unidade em Sete Lagoas na busca preliminar. Operação exige escala maior; pode ancorar retail park.,https://br.linkedin.com/in/diego-prates-br
Sete Lagoas,MG,Decathlon,Esportes / varejo,Média,4/5,Ricardo Neves,Referência histórica em estratégia imobiliária – Decathlon,https://br.linkedin.com/in/ricardo-neves-42403082,Contato via LinkedIn / Decathlon Brasil,Loja média/grande; estacionamento e acesso,Locação / BTS,Não contatado,,Validar responsável atual e testar formato compacto/satélite para cidade-polo,"Contato com histórico imobiliário validado; Decathlon iniciou em 2026 modelo satélite compacto, aumentando aderência potencial.",https://br.linkedin.com/in/ricardo-neves-42403082
Sete Lagoas,MG,Outback Steakhouse / Bold Hospitality,Restaurante / gastronomia,Alta,5/5,Gilberto S. dos Santos,Development Vice President – Bold Hospitality (Outback/Abbraccio/Aussie),https://br.linkedin.com/pub/dir/Gilberto/Dos/br-0-Brasil,Via Bold Hospitality / LinkedIn,Restaurante de destino; estacionamento e fluxo qualificado,Locação / BTS,Não contatado,,"Buscar conexão direta e apresentar Sete Lagoas como polo regional, com estudo de renda e catchment",Função atual validada por conteúdo recente sobre expansão do Outback; perfil individual precisa ser confirmado antes do contato.,https://pt.linkedin.com/posts/exame-com_exame-activity-7448007047356358656-I5KT
Sete Lagoas,MG,Grupo Madero / Madero Steak House,Restaurante / gastronomia,Alta,5/5,Edicarlos Garcia,Executivo do Grupo Madero – referência corporativa,https://br.linkedin.com/in/edicarlosgarcia,Via Grupo Madero / LinkedIn,Restaurante / formato variável; possibilidade standalone,Locação / BTS,Não contatado,,Identificar contato de expansão imobiliária e apresentar praça,Não localizada unidade Madero em Sete Lagoas na busca preliminar. Grupo retomando crescimento e testando novos formatos.,https://br.linkedin.com/in/edicarlosgarcia
Sete Lagoas,MG,Coco Bambu,Restaurante / gastronomia,Alta,4/5,Carlos Philipy,Diretor de Obras – expansão do grupo,https://br.linkedin.com/in/carlos-philipy-27b14686,Via Coco Bambu / LinkedIn,Operação grande; estacionamento e área de destino,Locação / BTS,Não contatado,,Sondar aderência de Sete Lagoas como polo regional,"Não localizada unidade em Sete Lagoas na busca preliminar. Operação de destino, investimento alto e dependente de estudo de praça.",https://br.linkedin.com/in/carlos-philipy-27b14686
Ribeirão Preto,SP,Savegnago,Supermercado,Alta,5/5,A confirmar,Expansão / Real Estate,https://www.linkedin.com/company/savegnago-supermercados/,A confirmar,Área ampla; estacionamento e logística,BTS / locação / aquisição,Não contatado,,Identificar executivo responsável por Ribeirão Preto,Âncora regional natural para Ribeirão e entorno.,https://www.savegnago.com.br/
Ribeirão Preto,SP,Oba Hortifruti,Hortifruti / supermercado premium,Alta,5/5,Mario Lombardo Neto,Real Estate / Expansão,https://br.linkedin.com/in/mariolombardoneto-expans%C3%A3o,A confirmar,"Região A/B, estacionamento, acesso e boa frente",Locação / BTS,Não contatado,,Validar interesse em novos pontos em Ribeirão,Muito aderente a street mall premium.,https://www.obahortifruti.com.br/
Ribeirão Preto,SP,RD Saúde – Raia/Drogasil,Farmácia,Alta,5/5,Paulo Zambardino Sanchez,Expansão / estratégia,https://br.linkedin.com/in/paulozsanchez/pt,A confirmar,Ponto de alto fluxo; metragem a confirmar,Locação / BTS,Não contatado,,Confirmar contato regional interior SP,Rede de alta capilaridade e frequência.,https://rdsaude.com.br/
Ribeirão Preto,SP,Smart Fit,Academia,Alta,5/5,Bruno Toniolo,Expansão / imóveis,https://br.linkedin.com/in/bruno-toniolo-01732542,A confirmar,"Área ampla, estacionamento e fluxo; metragem a confirmar",Locação / BTS,Não contatado,,Mapear interesse por novos pontos em Ribeirão,Boa âncora para recorrência diária.,https://www.smartfit.com.br/
Ribeirão Preto,SP,Cobasi / Petz,Pet / varejo,Alta,5/5,Rogério Medeiros,Expansão,https://br.linkedin.com/in/rogerio-medeiros--,expansao@cobasi.com.br,≈700 m²; grandes avenidas / alto fluxo,Locação / BTS,Não contatado,,Enviar teaser quando houver terreno pré-validado,Perfil publicado é bastante compatível com street mall.,https://www.cobasi.com.br/
Ribeirão Preto,SP,McDonald's / Arcos Dorados,Alimentação / drive-thru,Alta,5/5,Renata Janneo,Expansão / Real Estate,https://br.linkedin.com/in/retatha,A confirmar,"Terreno estratégico, visibilidade, acessibilidade; drive-thru",BTS / ground lease / locação,Não contatado,,Confirmar parâmetros para novos pontos em Ribeirão,Âncora extremamente forte para eixos de alto fluxo.,https://www.mcdonalds.com.br/
Ribeirão Preto,SP,Burger King / ZAMP,Alimentação / drive-thru,Alta,4/5,Matheus Reich,Expansão / desenvolvimento,https://br.linkedin.com/in/matheusreich,A confirmar,"Ponto de alto fluxo, visibilidade e acesso",BTS / locação,Não contatado,,Mapear contato regional interior SP,Boa alternativa de âncora de alimentação.,https://www.zamp.com.br/
Ribeirão Preto,SP,Starbucks / ZAMP,Cafeteria,Média,4/5,Victor da Matta Lemos,Coordenação de Expansão Starbucks,https://br.linkedin.com/in/vmattalemos,A confirmar,Mall premium / alto fluxo e renda,Locação,Não contatado,,Avaliar eixos premium e novos polos residenciais,Mais aderente a projeto premium e mix qualificado.,https://www.zamp.com.br/
Ribeirão Preto,SP,Swift,Alimentação / varejo,Média,4/5,Anderson Vieira,Expansão,https://br.linkedin.com/in/andersonvieiraa,A confirmar,"Loja compacta, conveniência e fácil estacionamento",Locação,Não contatado,,Confirmar critérios de praça e metragem,Boa operação satélite para mall de conveniência.,https://www.swift.com.br/
Ribeirão Preto,SP,Assaí Atacadista,Atacarejo,Média,3/5,André P.,Expansão / Real Estate / desenvolvimento,https://br.linkedin.com/in/andreposzai,A confirmar,"Terrenos grandes, acesso viário e grande estacionamento",BTS / aquisição / locação,Não contatado,,Considerar em terrenos de grande porte,Mais aderente a projetos de escala maior.,https://www.assai.com.br/
Ribeirão Preto,SP,St Marche,Supermercado premium,Alta,5/5,A confirmar,Expansão / Real Estate,https://www.linkedin.com/company/st-marche/,A confirmar,"Bairros A/B, boa frente, estacionamento e conveniência",Locação / BTS,Pesquisa preliminar – presença não localizada,,Localizar executivo de expansão e validar interesse no interior de SP,"Marca desejável para eixo premium; 31 lojas listadas pela rede, sem Ribeirão Preto na consulta preliminar.",https://marche.com.br/pages/nossas-lojas
Ribeirão Preto,SP,Natural da Terra,Hortifruti / supermercado premium,Alta,5/5,A confirmar,Expansão / Real Estate,https://www.linkedin.com/company/natural-da-terra/,A confirmar,Região de alta renda; estacionamento; loja de médio/grande porte,Locação / BTS,Pesquisa preliminar – presença não localizada,,Identificar responsável por expansão e parâmetros de praça,Boa aderência a open mall premium e compra recorrente.,https://www.naturaldaterra.com.br/nossas-lojas-natural-da-terra
Ribeirão Preto,SP,Roldão Atacadista,Atacarejo,Média,3/5,A confirmar,Expansão / Real Estate,https://www.linkedin.com/company/roldao-atacadista/,A confirmar,"Terreno grande, acesso viário, carga/descarga e amplo estacionamento",BTS / locação / aquisição,Pesquisa preliminar – presença não localizada,,Verificar estratégia para interior paulista e raio mínimo,Mais adequado a retail park ou terreno de grande escala do que mall compacto.,https://roldao.com.br/lojas/
Ribeirão Preto,SP,Spani Atacadista,Atacarejo,Média,3/5,A confirmar,Expansão / Real Estate,https://www.linkedin.com/company/spani-atacadista/,A confirmar,"Terreno grande, acesso e estacionamento",BTS / locação / aquisição,Pesquisa preliminar – presença não localizada,,Prospectar área de expansão e validar Ribeirão Preto,Rede presente em diversas cidades do interior de SP; potencial para projeto de maior porte.,https://lojas.spani.com.br/lojas/
Ribeirão Preto,SP,Max Atacadista / Grupo Muffato,Atacarejo,Média,3/5,A confirmar,Expansão / Real Estate,https://www.linkedin.com/company/grupomuffato/,A confirmar,"Grande área de loja, estacionamento e logística",BTS / locação / aquisição,Pesquisa preliminar – presença não localizada,,Mapear estratégia de expansão do Grupo Muffato em SP,A rede informa operação concentrada em PR e algumas cidades de SP; oportunidade a testar.,https://www.maxatacadista.com.br/lojas/
Ribeirão Preto,SP,Obramax,Construção / home center,Média,2/5,A confirmar,Expansão / Real Estate,https://www.linkedin.com/company/obramax/,A confirmar,"Terreno muito grande, acesso pesado, estacionamento e drive",BTS / locação / aquisição,Pesquisa preliminar – presença não localizada,,Localizar executivo de expansão e critérios mínimos de terreno,Não é street mall clássico; pode ser âncora de retail park em projeto de grande escala.,https://www.obramax.com.br/nossas-lojas
Ribeirão Preto,SP,We Coffee,Cafeteria / alimentação,Média,4/5,A confirmar,Expansão / Novos Negócios,https://www.linkedin.com/company/wecoffee/,A confirmar,Loja compacta/média em eixo premium e alto fluxo,Locação,Pesquisa preliminar – presença não localizada,,Confirmar plano de expansão fora da capital e cidades-alvo,"Marca de forte apelo visual; interessante para mix premium, mas precisa validar estratégia de interiorização.",https://wecoffee.com.br/
Ribeirão Preto,SP,Le Pain Quotidien,Cafeteria / restaurante,Média,4/5,A confirmar,Expansão / Novos Negócios,https://www.linkedin.com/company/le-pain-quotidien/,A confirmar,Eixo premium; operação de alimentação com área média,Locação,Pesquisa preliminar – presença não localizada,,Validar presença atual no Brasil e estratégia para interior de SP,Operação aspiracional para mall premium; prioridade depende da expansão vigente.,https://www.lepainquotidien.com/br/
Ribeirão Preto,SP,Popeyes,Fast food,Média,4/5,A confirmar,Expansão / Real Estate,https://www.linkedin.com/company/zamp/,A confirmar,Loja de alimentação / possível drive-thru conforme formato,Locação / BTS,Pesquisa preliminar – presença não localizada,,Confirmar com ZAMP se Ribeirão integra mapa de expansão,Pode complementar âncoras de alimentação; verificar formato disponível e eventual operação em shopping.,https://www.zamp.com.br/
Ribeirão Preto,SP,Carrefour Express,Mercado de conveniência,Média,4/5,A confirmar,Expansão / Real Estate,https://www.linkedin.com/company/carrefour-brasil/,A confirmar,Loja compacta/média em zona residencial densa e de alta recorrência,Locação,Pesquisa preliminar – presença não localizada,,Confirmar existência/formato ativo na cidade e contato de expansão,Formato potencialmente muito aderente a mall de conveniência; presença local deve ser reconfirmada antes da abordagem.,https://www.grupocarrefourbrasil.com.br/
Betim,MG,Drogaria Araujo,Farmácia,Alta,5/5,Alexandre Costa,Expansão / referência corporativa,https://br.linkedin.com/in/alexandre-costa-45599138,Ofereça seu imóvel – site Araujo,Loja de rua / mall; metragem a confirmar,Locação / BTS,Presença confirmada – avaliar novo eixo,,Mapear cobertura atual e ofertar somente ponto que cubra lacuna territorial,"Araujo possui unidade confirmada em Betim; oportunidade é expansão adicional, não entrada na praça.",https://www.araujo.com.br/lojas | https://br.linkedin.com/in/alexandre-costa-45599138
Betim,MG,RD Saúde – Raia/Drogasil,Farmácia,Alta,5/5,Paulo Zambardino Sanchez,Diretor de Expansão – RD Saúde,https://br.linkedin.com/in/paulozsanchez/pt,A confirmar,Ponto de alto fluxo; metragem a confirmar,Locação / BTS,Presença local a confirmar / expansão possível,,Levantar lojas em raio 3–5 km do terreno e abordar com tese de cobertura,Rede de alta capilaridade; adequada a avenidas e polos residenciais.,https://rdsaude.com.br/ | https://br.linkedin.com/in/paulozsanchez/pt
Betim,MG,Smart Fit,Academia,Alta,5/5,Bruno Toniolo,Expansão / prospecção de imóveis – Smart Fit,https://br.linkedin.com/in/bruno-toniolo-01732542,A confirmar,"Área ampla, estacionamento e fluxo; metragem a confirmar",Locação / BTS,Presença confirmada – avaliar 2ª unidade/eixo,,Comparar catchment da unidade Betim Shopping e identificar vazios,Há unidade Smart Fit no Betim Shopping; novo ponto precisa capturar outro eixo residencial/comercial.,https://www.smartfit.com.br/academias/betim-shopping | https://br.linkedin.com/in/bruno-toniolo-01732542
Betim,MG,Cobasi,Pet / varejo,Alta,5/5,Rogério Medeiros,Gerente de Expansão e Inteligência de Mercado – Cobasi,https://br.linkedin.com/in/rogerio-medeiros--,expansao@cobasi.com.br,≈700 m²; grandes avenidas / regiões de alto fluxo,Locação / BTS,Oportunidade a sondar,,"Enviar consulta de praça e, com terreno, teaser objetivo",Petz já está em Betim; Cobasi pode ser alternativa competitiva em avenida de alto fluxo.,https://br.linkedin.com/in/rogerio-medeiros-- | https://www.cobasi.com.br/
Betim,MG,McDonald's / Arcos Dorados,Alimentação / drive-thru,Alta,5/5,Renata Janneo,Executiva de Expansão / Real Estate – Arcos Dorados,https://br.linkedin.com/in/retatha,Formulário oficial de oferta de terrenos / Real Estate,"Terreno estratégico, visibilidade, acesso; drive-thru",BTS / ground lease / locação,Presença confirmada – avaliar novo eixo,,Buscar terreno freestanding em corredor ainda não coberto,McDonald’s possui múltiplas operações em Betim; oportunidade depende de lacuna real de cobertura.,https://www.mcdonalds.com.br/restaurantes/betim | https://br.linkedin.com/in/retatha
Betim,MG,Burger King / ZAMP,Alimentação / drive-thru,Alta,4/5,Matheus Reich,Expansão e Crescimento de Redes – ZAMP / Burger King,https://br.linkedin.com/in/matheusreich,Via ZAMP / LinkedIn,"Alto fluxo, visibilidade e acesso; drive quando aplicável",BTS / locação,Presença a confirmar / expansão possível,,Validar footprint e apresentar ponto com drive e tráfego,Boa âncora de alimentação para eixo viário.,https://www.zamp.com.br/ | https://br.linkedin.com/in/matheusreich
Betim,MG,Supermercados BH,Supermercado,Alta,5/5,A confirmar,Expansão / Real Estate – Supermercados BH,https://www.linkedin.com/company/supermercados-bh/,A confirmar,Área média/grande; estacionamento e logística,BTS / locação / aquisição,Presença regional forte – avaliar novo eixo,,Identificar área de expansão responsável por Betim e formatos menores,Rede mineira muito aderente como âncora de conveniência.,https://www.supermercadosbh.com.br/
Betim,MG,Mart Minas,Atacarejo,Média,3/5,Helton Lima,Referência corporativa / crescimento – Mart Minas,https://br.linkedin.com/in/heltonlima2508,Via Mart Minas / LinkedIn,Grande área; estacionamento e logística,BTS / locação / aquisição,Presença confirmada – somente grande escala,,Considerar apenas em retail park / terreno amplo,Mart Minas possui operação em Betim; expansão adicional depende de grande catchment.,https://br.linkedin.com/in/heltonlima2508
Betim,MG,Starbucks / ZAMP,Cafeteria,Média,4/5,Victor da Matta Lemos,Coordenador de Expansão – Starbucks / ZAMP,https://br.linkedin.com/in/vmattalemos,Via ZAMP / LinkedIn,Loja compacta/média; eixo premium e alto fluxo,Locação,Oportunidade aspiracional a sondar,,"Testar interesse em eixo premium, shopping/open mall ou posto de alto fluxo",Mais aderente a projetos qualificados do que mall de massa.,https://br.linkedin.com/in/vmattalemos
Betim,MG,Outback Steakhouse,Restaurante,Média,4/5,A confirmar,Expansão / Real Estate – Bloomin’ Brands,https://www.linkedin.com/company/bloomin-brands-inc-/,A confirmar,Restaurante de destino; estacionamento; eixo de renda,Locação / BTS,Oportunidade a sondar,,Validar presença atual e critérios de praça antes de ofertar ponto,"Operação de destino; exige renda, fluxo e estacionamento.",https://www.outback.com.br/
Betim,MG,Decathlon,Esportes,Média,3/5,Luiz Philippe Vilela Cesar,Estratégia / expansão – Decathlon Brasil,https://br.linkedin.com/in/luiz-philippe-vilela-cesar-67740363,Via Decathlon Brasil / LinkedIn,"Formato grande ou satélite compacto, conforme praça",Locação / BTS,Oportunidade a sondar,,Perguntar sobre formato satélite 2026 antes de ofertar área,"Decathlon introduziu formato satélite compacto em 2026, ampliando aderência a centros comerciais.",https://br.linkedin.com/in/luiz-philippe-vilela-cesar-67740363
Betim,MG,Sam's Club,Clube de compras,Baixa,2/5,A confirmar,Expansão / Real Estate – Atacadão,https://www.linkedin.com/company/atacadao/,Via Grupo Carrefour Brasil,"Terreno grande, logística e estacionamento",Aquisição / BTS / locação,Somente grande escala / canal corporativo,,Avaliar somente terrenos excepcionalmente grandes e acessíveis,Escala de operação foge do street mall compacto; tratar como retail park.,https://www.samsclub.com.br/
Contagem,MG,Drogaria Araujo,Farmácia,Alta,5/5,Alexandre Costa,Expansão / referência corporativa,https://br.linkedin.com/in/alexandre-costa-45599138,Ofereça seu imóvel – site Araujo,Loja de rua / mall; metragem a confirmar,Locação / BTS,Presença confirmada – mercado maduro,,"Mapear vazios entre Eldorado, Cabral e novos eixos",Araujo tem presença confirmada em centros comerciais de Contagem.,https://bigshopping.com.br/lojas/drogaria-araujo/ | https://www.shoppingcontagem.com.br/loja/?loja=drogaria-araujo
Contagem,MG,RD Saúde – Raia/Drogasil,Farmácia,Alta,5/5,Paulo Zambardino Sanchez,Diretor de Expansão – RD Saúde,https://br.linkedin.com/in/paulozsanchez/pt,A confirmar,Ponto de alto fluxo; metragem a confirmar,Locação / BTS,Expansão adicional,,Usar análise territorial; não ofertar ponto sem lacuna,"Mercado metropolitano denso, com potencial para múltiplas unidades.",https://rdsaude.com.br/ | https://br.linkedin.com/in/paulozsanchez/pt
Contagem,MG,Smart Fit,Academia,Alta,5/5,Bruno Toniolo,Expansão / prospecção de imóveis – Smart Fit,https://br.linkedin.com/in/bruno-toniolo-01732542,A confirmar,"Área ampla, estacionamento e fluxo; metragem a confirmar",Locação / BTS,Presença confirmada – mercado maduro,,Prospectar somente novo eixo residencial/comercial relevante,Há unidades Smart Fit confirmadas em Contagem.,https://www.smartfit.com.br/locations/contagem
Contagem,MG,Cobasi,Pet / varejo,Alta,5/5,Rogério Medeiros,Gerente de Expansão e Inteligência de Mercado – Cobasi,https://br.linkedin.com/in/rogerio-medeiros--,expansao@cobasi.com.br,≈700 m²; grandes avenidas / regiões de alto fluxo,Locação / BTS,Oportunidade / expansão adicional a sondar,,Comparar footprint pet com Petz/Cobasi existentes e ofertar avenida de alto fluxo,Formato de ~700 m² é muito aderente a open mall.,https://br.linkedin.com/in/rogerio-medeiros--
Contagem,MG,McDonald's / Arcos Dorados,Alimentação / drive-thru,Alta,5/5,Renata Janneo,Executiva de Expansão / Real Estate – Arcos Dorados,https://br.linkedin.com/in/retatha,Formulário oficial de oferta de terrenos / Real Estate,"Terreno estratégico, visibilidade, acesso; drive-thru",BTS / ground lease / locação,Presença confirmada – múltiplas unidades,,Buscar lacuna em novos vetores e corredores de tráfego,McDonald’s lista diversas operações em Contagem; novo ponto precisa ter tese territorial clara.,https://www.mcdonalds.com.br/restaurantes/contagem
Contagem,MG,Burger King / ZAMP,Alimentação / drive-thru,Alta,4/5,Matheus Reich,Expansão e Crescimento de Redes – ZAMP / Burger King,https://br.linkedin.com/in/matheusreich,Via ZAMP / LinkedIn,"Alto fluxo, visibilidade e acesso; drive quando aplicável",BTS / locação,Expansão adicional a sondar,,"Priorizar terreno com drive, esquina e acessibilidade",Adequado a corredor metropolitano de alto fluxo.,https://br.linkedin.com/in/matheusreich
Contagem,MG,Supermercados BH,Supermercado,Alta,5/5,A confirmar,Expansão / Real Estate – Supermercados BH,https://www.linkedin.com/company/supermercados-bh/,A confirmar,Área média/grande; estacionamento e logística,BTS / locação / aquisição,Presença confirmada – mercado maduro,,Buscar formato/novo eixo sem canibalização,Supermercados BH opera no Big Shopping e possui forte presença metropolitana.,https://bigshopping.com.br/
Contagem,MG,Decathlon,Esportes,Média,3/5,Luiz Philippe Vilela Cesar,Estratégia / expansão – Decathlon Brasil,https://br.linkedin.com/in/luiz-philippe-vilela-cesar-67740363,Via Decathlon Brasil / LinkedIn,"Formato grande ou satélite compacto, conforme praça",Locação / BTS,Presença confirmada – avaliar formato satélite,,"Sondar satélite compacto em outro polo, não nova megaloja",Decathlon possui loja em Contagem; novo formato satélite pode abrir outra tese.,https://www.decathlon.com.br/lojas/decathlon-contagem | https://br.linkedin.com/in/luiz-philippe-vilela-cesar-67740363
Contagem,MG,Outback Steakhouse,Restaurante,Média,4/5,A confirmar,Expansão / Real Estate – Bloomin’ Brands,https://www.linkedin.com/company/bloomin-brands-inc-/,A confirmar,Restaurante de destino; estacionamento; eixo de renda,Locação / BTS,Presença confirmada,,Somente novo polo forte / open mall premium,Outback está no ItaúPower Shopping.,https://itaupowershopping.com.br/loja/outback/
Contagem,MG,Starbucks / ZAMP,Cafeteria,Média,4/5,Victor da Matta Lemos,Coordenador de Expansão – Starbucks / ZAMP,https://br.linkedin.com/in/vmattalemos,Via ZAMP / LinkedIn,Loja compacta/média; eixo premium e alto fluxo,Locação,Oportunidade de novo ponto a sondar,,Mapear polos A/B e centros comerciais com permanência,Marca agrega percepção de qualidade ao mix.,https://br.linkedin.com/in/vmattalemos
Contagem,MG,Sam's Club,Clube de compras,Baixa,2/5,A confirmar,Expansão / Real Estate – Atacadão,https://www.linkedin.com/company/atacadao/,Via Grupo Carrefour Brasil,"Terreno grande, logística e estacionamento",Aquisição / BTS / locação,Grande escala,,Somente retail park / aquisição de grande área,Não tratar como operação satélite de street mall.,https://www.samsclub.com.br/
Contagem,MG,Leroy Merlin / formato compacto,Casa / construção,Baixa,2/5,Luiz Philippe Vilela Cesar,Estratégia / expansão – Decathlon Brasil,https://br.linkedin.com/in/luiz-philippe-vilela-cesar-67740363,Via Decathlon Brasil / LinkedIn,"Formato grande ou satélite compacto, conforme praça",Locação / BTS,Oportunidade de formato especial a sondar,,Somente se projeto admitir grande área ou formato compacto,Mais adequado a retail park; eventual formato compacto pode ser testado.,https://www.leroymerlin.com.br/
Divinópolis,MG,Drogaria Araujo,Farmácia,Alta,5/5,Alexandre Costa,Expansão / referência corporativa,https://br.linkedin.com/in/alexandre-costa-45599138,Ofereça seu imóvel – site Araujo,Loja de rua / mall; metragem a confirmar,Locação / BTS,Presença/expansão a confirmar,,Validar cobertura e procurar eixo residencial em crescimento,Marca mineira prioritária para conveniência.,https://www.araujo.com.br/lojas | https://br.linkedin.com/in/alexandre-costa-45599138
Divinópolis,MG,RD Saúde – Raia/Drogasil,Farmácia,Alta,5/5,Paulo Zambardino Sanchez,Diretor de Expansão – RD Saúde,https://br.linkedin.com/in/paulozsanchez/pt,A confirmar,Ponto de alto fluxo; metragem a confirmar,Locação / BTS,Presença/expansão a confirmar,,Mapear footprint e abordar com análise de cobertura,Rede adequada a avenidas e polos residenciais.,https://rdsaude.com.br/ | https://br.linkedin.com/in/paulozsanchez/pt
Divinópolis,MG,Smart Fit,Academia,Alta,5/5,Bruno Toniolo,Expansão / prospecção de imóveis – Smart Fit,https://br.linkedin.com/in/bruno-toniolo-01732542,A confirmar,"Área ampla, estacionamento e fluxo; metragem a confirmar",Locação / BTS,Presença/expansão a confirmar,,Solicitar critérios atuais e verificar possibilidade de unidade adicional,Academia é âncora de recorrência diária.,https://br.linkedin.com/in/bruno-toniolo-01732542
Divinópolis,MG,Cobasi,Pet / varejo,Alta,5/5,Rogério Medeiros,Gerente de Expansão e Inteligência de Mercado – Cobasi,https://br.linkedin.com/in/rogerio-medeiros--,expansao@cobasi.com.br,≈700 m²; grandes avenidas / regiões de alto fluxo,Locação / BTS,Oportunidade a sondar,,Consultar interesse na praça; preferência por avenida/alto fluxo,Formato divulgado em torno de 700 m² combina com street mall.,https://br.linkedin.com/in/rogerio-medeiros--
Divinópolis,MG,McDonald's / Arcos Dorados,Alimentação / drive-thru,Alta,5/5,Renata Janneo,Executiva de Expansão / Real Estate – Arcos Dorados,https://br.linkedin.com/in/retatha,Formulário oficial de oferta de terrenos / Real Estate,"Terreno estratégico, visibilidade, acesso; drive-thru",BTS / ground lease / locação,Presença/expansão a confirmar,,Mapear unidades e testar novo eixo com drive-thru,Rede procura terrenos estratégicos e avalia visibilidade/acesso.,https://br.linkedin.com/in/retatha
Divinópolis,MG,Burger King / ZAMP,Alimentação / drive-thru,Alta,4/5,Matheus Reich,Expansão e Crescimento de Redes – ZAMP / Burger King,https://br.linkedin.com/in/matheusreich,Via ZAMP / LinkedIn,"Alto fluxo, visibilidade e acesso; drive quando aplicável",BTS / locação,Oportunidade / expansão a sondar,,Apresentar eixo de alto fluxo com drive,ZAMP segue expansão em MG e interior.,https://br.linkedin.com/in/matheusreich
Divinópolis,MG,Supermercados BH,Supermercado,Alta,5/5,A confirmar,Expansão / Real Estate – Supermercados BH,https://www.linkedin.com/company/supermercados-bh/,A confirmar,Área média/grande; estacionamento e logística,BTS / locação / aquisição,Alta relevância regional,,Identificar contato imobiliário responsável pela região Centro-Oeste MG,Boa âncora de frequência para mall de conveniência.,https://www.supermercadosbh.com.br/
Divinópolis,MG,Grupo Bahamas,Supermercado / express,Alta,5/5,Cristiano Vilaça,Referência corporativa / expansão – Grupo Bahamas,https://br.linkedin.com/in/cristiano-vila%C3%A7a-b2157164,Via Grupo Bahamas / LinkedIn,Supermercado / express; formato conforme praça,Locação / BTS,Alta relevância regional,,Sondar formato Bahamas Express / supermercado,Grupo com histórico de expansão em MG; formato Express é interessante para mall.,https://br.linkedin.com/in/cristiano-vila%C3%A7a-b2157164
Divinópolis,MG,Mart Minas,Atacarejo,Média,3/5,Helton Lima,Referência corporativa / crescimento – Mart Minas,https://br.linkedin.com/in/heltonlima2508,Via Mart Minas / LinkedIn,Grande área; estacionamento e logística,BTS / locação / aquisição,Grande escala,,Usar apenas em terreno grande / retail park,Rede cresce fortemente em MG; escala maior que street mall compacto.,https://br.linkedin.com/in/heltonlima2508
Divinópolis,MG,Starbucks / ZAMP,Cafeteria,Média,4/5,Victor da Matta Lemos,Coordenador de Expansão – Starbucks / ZAMP,https://br.linkedin.com/in/vmattalemos,Via ZAMP / LinkedIn,Loja compacta/média; eixo premium e alto fluxo,Locação,Marca aspiracional a sondar,,Testar interesse em primeiro ponto premium na praça,Pode qualificar o mix se houver catchment A/B suficiente.,https://br.linkedin.com/in/vmattalemos
Divinópolis,MG,Outback Steakhouse,Restaurante,Média,4/5,A confirmar,Expansão / Real Estate – Bloomin’ Brands,https://www.linkedin.com/company/bloomin-brands-inc-/,A confirmar,Restaurante de destino; estacionamento; eixo de renda,Locação / BTS,Marca de destino a sondar,,Validar população/renda regional e interesse de expansão,Pode funcionar como âncora gastronômica regional.,https://www.outback.com.br/
Divinópolis,MG,Decathlon – formato satélite,Esportes,Média,3/5,Luiz Philippe Vilela Cesar,Estratégia / expansão – Decathlon Brasil,https://br.linkedin.com/in/luiz-philippe-vilela-cesar-67740363,Via Decathlon Brasil / LinkedIn,"Formato grande ou satélite compacto, conforme praça",Locação / BTS,Marca aspiracional / novo formato,,Sondar unidade satélite em projeto com tráfego e público qualificado,Formato satélite lançado em 2026 reduz exigência de área.,https://br.linkedin.com/in/luiz-philippe-vilela-cesar-67740363
Bonfim Paulista,SP,Savegnago,Supermercado,Alta,5/5,A confirmar,Expansão / Real Estate – Savegnago,https://www.linkedin.com/company/savegnago-supermercados/,A confirmar,"Supermercado; área ampla, estacionamento e logística",BTS / locação / aquisição,Presença no mercado de Ribeirão – oportunidade microlocal,,Mapear cobertura específica de Bonfim e condomínios do eixo sul,"Tratar Bonfim como micromercado premium dentro de Ribeirão, com tese de conveniência local.",https://www.savegnago.com.br/
Bonfim Paulista,SP,Oba Hortifruti,Hortifruti / supermercado premium,Alta,5/5,Mario Lombardo Neto,Real Estate / Expansão – Oba Hortifruti,https://br.linkedin.com/in/mariolombardoneto-expans%C3%A3o,A confirmar,Região A/B; estacionamento; boa frente,Locação / BTS,Alta aderência ao eixo sul,,Sondar ponto premium próximo a condomínios e acessos de Bonfim,Oba segue em expansão e é muito aderente a público A/B.,https://br.linkedin.com/in/mariolombardoneto-expans%C3%A3o
Bonfim Paulista,SP,RD Saúde – Raia/Drogasil,Farmácia,Alta,5/5,Paulo Zambardino Sanchez,Diretor de Expansão – RD Saúde,https://br.linkedin.com/in/paulozsanchez/pt,A confirmar,Ponto de alto fluxo; metragem a confirmar,Locação / BTS,Oportunidade microlocal,,Mapear farmácias no raio e ofertar somente lacuna clara,Farmácia é operação de alta recorrência para o eixo residencial.,https://br.linkedin.com/in/paulozsanchez/pt
Bonfim Paulista,SP,Smart Fit,Academia,Alta,5/5,Bruno Toniolo,Expansão / prospecção de imóveis – Smart Fit,https://br.linkedin.com/in/bruno-toniolo-01732542,A confirmar,"Área ampla, estacionamento e fluxo; metragem a confirmar",Locação / BTS,Oportunidade microlocal,,Avaliar unidade de proximidade no vetor Bonfim/condomínios,Aderente a população de alta renda e deslocamento diário.,https://br.linkedin.com/in/bruno-toniolo-01732542
Bonfim Paulista,SP,Cobasi,Pet / varejo,Alta,5/5,Rogério Medeiros,Gerente de Expansão e Inteligência de Mercado – Cobasi,https://br.linkedin.com/in/rogerio-medeiros--,expansao@cobasi.com.br,≈700 m²; grandes avenidas / regiões de alto fluxo,Locação / BTS,Oportunidade microlocal,,Testar ponto de ~700 m² em eixo Guaporé–Bonfim,Pet premium combina com perfil residencial do eixo sul.,https://br.linkedin.com/in/rogerio-medeiros--
Bonfim Paulista,SP,McDonald's / Arcos Dorados,Alimentação / drive-thru,Alta,5/5,Renata Janneo,Executiva de Expansão / Real Estate – Arcos Dorados,https://br.linkedin.com/in/retatha,Formulário oficial de oferta de terrenos / Real Estate,"Terreno estratégico, visibilidade, acesso; drive-thru",BTS / ground lease / locação,Oportunidade microlocal / drive,,Buscar terreno de esquina/acesso em eixo de passagem,"Drive-thru pode capturar tráfego entre Ribeirão, Bonfim e condomínios.",https://br.linkedin.com/in/retatha
Bonfim Paulista,SP,Burger King / ZAMP,Alimentação / drive-thru,Média,4/5,Matheus Reich,Expansão e Crescimento de Redes – ZAMP / Burger King,https://br.linkedin.com/in/matheusreich,Via ZAMP / LinkedIn,"Alto fluxo, visibilidade e acesso; drive quando aplicável",BTS / locação,Oportunidade microlocal,,Testar drive em corredor de crescimento,ZAMP segue abrindo drives no interior paulista.,https://br.linkedin.com/in/matheusreich
Bonfim Paulista,SP,Starbucks / ZAMP,Cafeteria,Alta,5/5,Victor da Matta Lemos,Coordenador de Expansão – Starbucks / ZAMP,https://br.linkedin.com/in/vmattalemos,Via ZAMP / LinkedIn,Loja compacta/média; eixo premium e alto fluxo,Locação,Alta aderência premium,,Sondar unidade de rua/open mall no eixo sul,Marca combina com conceito premium e permanência.,https://br.linkedin.com/in/vmattalemos
Bonfim Paulista,SP,Swift,Alimentação / varejo,Alta,5/5,Anderson Vieira,Expansão – Swift,https://br.linkedin.com/in/andersonvieiraa,Via Swift / LinkedIn,Loja compacta; conveniência; fácil estacionamento,Locação,Alta aderência à conveniência,,Sondar loja compacta com estacionamento rápido,Formato pequeno e recorrente; excelente satélite.,https://www.swift.com.br/nossas-lojas
Bonfim Paulista,SP,St Marche,Supermercado premium,Média,5/5,A confirmar,Expansão / Real Estate – St Marche,https://www.linkedin.com/company/st-marche/,A confirmar,Bairros A/B; estacionamento e conveniência,Locação / BTS,Marca aspiracional,,Testar interiorização para eixo A/B de Ribeirão/Bonfim,Rede ainda concentrada em SP capital e poucos polos; tese é aspiracional.,https://marche.com.br/pages/nossas-lojas
Bonfim Paulista,SP,Decathlon – formato satélite,Esportes,Média,4/5,Luiz Philippe Vilela Cesar,Estratégia / expansão – Decathlon Brasil,https://br.linkedin.com/in/luiz-philippe-vilela-cesar-67740363,Via Decathlon Brasil / LinkedIn,"Formato grande ou satélite compacto, conforme praça",Locação / BTS,Novo formato a sondar,,Sondar satélite compacto em mall premium,Formato satélite lançado em 2026 pode adequar a metragem menor.,https://br.linkedin.com/in/luiz-philippe-vilela-cesar-67740363
Bonfim Paulista,SP,Pão de Açúcar / proximidade,Supermercado premium,Média,5/5,A confirmar,Expansão / Real Estate – St Marche,https://www.linkedin.com/company/st-marche/,A confirmar,Bairros A/B; estacionamento e conveniência,Locação / BTS,Marca aspiracional,,Testar formato de proximidade para condomínios do eixo sul,Conceito é mais aderente que atacarejo para Bonfim.,https://www.gpabr.com/
Sertãozinho,SP,Savegnago,Supermercado,Alta,5/5,A confirmar,Expansão / Real Estate – Savegnago,https://www.linkedin.com/company/savegnago-supermercados/,A confirmar,"Supermercado; área ampla, estacionamento e logística",BTS / locação / aquisição,Presença confirmada – avaliar novo eixo,,Mapear cobertura atual e novos bairros/vetores,"Savegnago possui operação confirmada em Sertãozinho; é âncora natural, mas deve evitar canibalização.",https://br.linkedin.com/in/joedson-cruz-470a12293
Sertãozinho,SP,RD Saúde – Raia/Drogasil,Farmácia,Alta,5/5,Paulo Zambardino Sanchez,Diretor de Expansão – RD Saúde,https://br.linkedin.com/in/paulozsanchez/pt,A confirmar,Ponto de alto fluxo; metragem a confirmar,Locação / BTS,Expansão a sondar,,Mapear cobertura e abordar com lacuna territorial,Alta recorrência e boa aderência a mall de bairro.,https://br.linkedin.com/in/paulozsanchez/pt
Sertãozinho,SP,Smart Fit,Academia,Alta,5/5,Bruno Toniolo,Expansão / prospecção de imóveis – Smart Fit,https://br.linkedin.com/in/bruno-toniolo-01732542,A confirmar,"Área ampla, estacionamento e fluxo; metragem a confirmar",Locação / BTS,Expansão a sondar,,Validar footprint e possibilidade de unidade adicional,Âncora de recorrência diária.,https://br.linkedin.com/in/bruno-toniolo-01732542
Sertãozinho,SP,Cobasi,Pet / varejo,Alta,5/5,Rogério Medeiros,Gerente de Expansão e Inteligência de Mercado – Cobasi,https://br.linkedin.com/in/rogerio-medeiros--,expansao@cobasi.com.br,≈700 m²; grandes avenidas / regiões de alto fluxo,Locação / BTS,Oportunidade a sondar,,Consultar praça com avenida de alto fluxo e ~700 m²,Rede está em expansão nacional e divulga busca ativa de imóveis.,https://br.linkedin.com/in/rogerio-medeiros--
Sertãozinho,SP,McDonald's / Arcos Dorados,Alimentação / drive-thru,Alta,5/5,Renata Janneo,Executiva de Expansão / Real Estate – Arcos Dorados,https://br.linkedin.com/in/retatha,Formulário oficial de oferta de terrenos / Real Estate,"Terreno estratégico, visibilidade, acesso; drive-thru",BTS / ground lease / locação,Presença confirmada – novo eixo possível,,Buscar lacuna territorial / novo corredor,McDonald’s possui drive e operação em Sertãozinho.,https://www.mcdonalds.com.br/restaurantes/sertaozinho
Sertãozinho,SP,Burger King / ZAMP,Alimentação / drive-thru,Alta,4/5,Matheus Reich,Expansão e Crescimento de Redes – ZAMP / Burger King,https://br.linkedin.com/in/matheusreich,Via ZAMP / LinkedIn,"Alto fluxo, visibilidade e acesso; drive quando aplicável",BTS / locação,Oportunidade a sondar,,Validar existência e oferecer ponto com drive,Pode ser contraponto competitivo ao McDonald’s.,https://br.linkedin.com/in/matheusreich
Sertãozinho,SP,Swift,Alimentação / varejo,Alta,5/5,Anderson Vieira,Expansão – Swift,https://br.linkedin.com/in/andersonvieiraa,Via Swift / LinkedIn,Loja compacta; conveniência; fácil estacionamento,Locação,Oportunidade a sondar,,Sondar loja compacta em eixo residencial/comercial,Boa operação satélite para conveniência.,https://www.swift.com.br/nossas-lojas
Sertãozinho,SP,Oba Hortifruti,Hortifruti / supermercado premium,Média,4/5,Mario Lombardo Neto,Real Estate / Expansão – Oba Hortifruti,https://br.linkedin.com/in/mariolombardoneto-expans%C3%A3o,A confirmar,Região A/B; estacionamento; boa frente,Locação / BTS,Oportunidade a sondar,,Avaliar renda/catchment antes da abordagem,Pode diferenciar mix frente a supermercados tradicionais.,https://br.linkedin.com/in/mariolombardoneto-expans%C3%A3o
Sertãozinho,SP,Spani / Spani Express,Atacarejo / express,Média,4/5,Virginia Pereira de Gouveia,Referência de expansão / operação – Spani,https://br.linkedin.com/in/virginia-pereira-de-gouveia-05b11646,Via Spani / LinkedIn,Express ou atacarejo; formato depende da praça,Locação / BTS / aquisição,Expansão regional a sondar,,Perguntar especificamente sobre formato Express,Spani vem expandindo formatos no interior paulista.,https://br.linkedin.com/in/virginia-pereira-de-gouveia-05b11646
Sertãozinho,SP,Starbucks / ZAMP,Cafeteria,Média,4/5,Victor da Matta Lemos,Coordenador de Expansão – Starbucks / ZAMP,https://br.linkedin.com/in/vmattalemos,Via ZAMP / LinkedIn,Loja compacta/média; eixo premium e alto fluxo,Locação,Marca aspiracional,,Testar praça apenas em ponto premium comprovado,"Pode agregar valor, mas depende de renda e fluxo.",https://br.linkedin.com/in/vmattalemos
Sertãozinho,SP,Decathlon – formato satélite,Esportes,Média,3/5,Luiz Philippe Vilela Cesar,Estratégia / expansão – Decathlon Brasil,https://br.linkedin.com/in/luiz-philippe-vilela-cesar-67740363,Via Decathlon Brasil / LinkedIn,"Formato grande ou satélite compacto, conforme praça",Locação / BTS,Novo formato a sondar,,"Testar satélite compacto, não megaloja",Novo formato de 2026 amplia possibilidade no interior.,https://br.linkedin.com/in/luiz-philippe-vilela-cesar-67740363
Sertãozinho,SP,Atacadão,Atacarejo,Baixa,2/5,A confirmar,Expansão / Real Estate – Atacadão,https://www.linkedin.com/company/atacadao/,Via Grupo Carrefour Brasil,"Terreno grande, logística e estacionamento",Aquisição / BTS / locação,Somente grande escala,,Considerar apenas em retail park / terreno amplo,Não é operação típica de street mall compacto.,https://www.atacadao.com.br/
Franca,SP,Savegnago,Supermercado,Alta,5/5,A confirmar,Expansão / Real Estate – Savegnago,https://www.linkedin.com/company/savegnago-supermercados/,A confirmar,"Supermercado; área ampla, estacionamento e logística",BTS / locação / aquisição,Presença confirmada – avaliar novo eixo,,Mapear cobertura e novos vetores residenciais,Rede já presente e muito forte no interior paulista.,https://www.savegnago.com.br/
Franca,SP,RD Saúde – Raia/Drogasil,Farmácia,Alta,5/5,Paulo Zambardino Sanchez,Diretor de Expansão – RD Saúde,https://br.linkedin.com/in/paulozsanchez/pt,A confirmar,Ponto de alto fluxo; metragem a confirmar,Locação / BTS,Expansão adicional a sondar,,Mapear cobertura e ponto de alta recorrência,Farmácia é âncora natural para mall de conveniência.,https://br.linkedin.com/in/paulozsanchez/pt
Franca,SP,Smart Fit,Academia,Alta,5/5,Bruno Toniolo,Expansão / prospecção de imóveis – Smart Fit,https://br.linkedin.com/in/bruno-toniolo-01732542,A confirmar,"Área ampla, estacionamento e fluxo; metragem a confirmar",Locação / BTS,Expansão a sondar,,Validar footprint e bairros ainda não atendidos,Alta recorrência diária.,https://br.linkedin.com/in/bruno-toniolo-01732542
Franca,SP,Cobasi,Pet / varejo,Alta,5/5,Rogério Medeiros,Gerente de Expansão e Inteligência de Mercado – Cobasi,https://br.linkedin.com/in/rogerio-medeiros--,expansao@cobasi.com.br,≈700 m²; grandes avenidas / regiões de alto fluxo,Locação / BTS,Oportunidade a sondar,,Consultar praça e apresentar avenida de alto fluxo,Formato ~700 m² é muito aderente.,https://br.linkedin.com/in/rogerio-medeiros--
Franca,SP,McDonald's / Arcos Dorados,Alimentação / drive-thru,Alta,5/5,Renata Janneo,Executiva de Expansão / Real Estate – Arcos Dorados,https://br.linkedin.com/in/retatha,Formulário oficial de oferta de terrenos / Real Estate,"Terreno estratégico, visibilidade, acesso; drive-thru",BTS / ground lease / locação,Presença confirmada – múltiplas operações,,Buscar novo eixo somente com lacuna clara,"McDonald’s possui várias operações em Franca, inclusive drives.",https://www.mcdonalds.com.br/restaurantes/franca
Franca,SP,Burger King / ZAMP,Alimentação / drive-thru,Alta,4/5,Matheus Reich,Expansão e Crescimento de Redes – ZAMP / Burger King,https://br.linkedin.com/in/matheusreich,Via ZAMP / LinkedIn,"Alto fluxo, visibilidade e acesso; drive quando aplicável",BTS / locação,Expansão a sondar,,Validar footprint e oferecer corredor sem cobertura,Adequado a terrenos com drive e alta visibilidade.,https://br.linkedin.com/in/matheusreich
Franca,SP,Swift,Alimentação / varejo,Alta,5/5,Anderson Vieira,Expansão – Swift,https://br.linkedin.com/in/andersonvieiraa,Via Swift / LinkedIn,Loja compacta; conveniência; fácil estacionamento,Locação,Oportunidade a sondar,,Sondar loja compacta em bairro A/B ou mall de conveniência,Formato pequeno facilita composição de mix.,https://www.swift.com.br/nossas-lojas
Franca,SP,Oba Hortifruti,Hortifruti / supermercado premium,Alta,5/5,Mario Lombardo Neto,Real Estate / Expansão – Oba Hortifruti,https://br.linkedin.com/in/mariolombardoneto-expans%C3%A3o,A confirmar,Região A/B; estacionamento; boa frente,Locação / BTS,Oportunidade a sondar,,Validar praça e renda; ofertar ponto premium,Oba está em expansão no interior paulista.,https://br.linkedin.com/in/mariolombardoneto-expans%C3%A3o
Franca,SP,Spani / Spani Express,Atacarejo / express,Média,4/5,Virginia Pereira de Gouveia,Referência de expansão / operação – Spani,https://br.linkedin.com/in/virginia-pereira-de-gouveia-05b11646,Via Spani / LinkedIn,Express ou atacarejo; formato depende da praça,Locação / BTS / aquisição,Presença comercial regional / expansão,,Sondar formato físico Express em Franca,Há evidência pública de expansão do Spani Express na região de Ribeirão/Franca.,https://br.linkedin.com/in/virginia-pereira-de-gouveia-05b11646
Franca,SP,Starbucks / ZAMP,Cafeteria,Média,4/5,Victor da Matta Lemos,Coordenador de Expansão – Starbucks / ZAMP,https://br.linkedin.com/in/vmattalemos,Via ZAMP / LinkedIn,Loja compacta/média; eixo premium e alto fluxo,Locação,Marca aspiracional,,Testar primeiro/novo ponto conforme footprint atual,Pode qualificar mall premium.,https://br.linkedin.com/in/vmattalemos
Franca,SP,Decathlon – formato satélite,Esportes,Média,4/5,Luiz Philippe Vilela Cesar,Estratégia / expansão – Decathlon Brasil,https://br.linkedin.com/in/luiz-philippe-vilela-cesar-67740363,Via Decathlon Brasil / LinkedIn,"Formato grande ou satélite compacto, conforme praça",Locação / BTS,Novo formato a sondar,,Testar satélite em eixo comercial consolidado,Formato satélite lançado em 2026 pode viabilizar interiorização.,https://br.linkedin.com/in/luiz-philippe-vilela-cesar-67740363
Franca,SP,St Marche,Supermercado premium,Média,4/5,A confirmar,Expansão / Real Estate – St Marche,https://www.linkedin.com/company/st-marche/,A confirmar,Bairros A/B; estacionamento e conveniência,Locação / BTS,Marca aspiracional,,Somente sondar com estudo forte de renda/catchment,"Rede tem lojas em Campinas, mas não lista Franca; oportunidade de interiorização a testar.",https://marche.com.br/pages/nossas-lojas
